{
  "num_params": 3080674,
  "best_val_acc": 84.1688654353562,
  "test_acc": 82.08917197452229
}