{
  "num_params": 23528522,
  "best_val_acc": 85.48812664907652,
  "test_acc": 84.50955414012739
}