{
  "num_params": 11181642,
  "best_val_acc": 85.75197889182058,
  "test_acc": 86.44585987261146
}