{
  "num_params": 3080674,
  "best_val_acc": 84.30079155672823,
  "test_acc": 82.90445859872611
}